{"Happy": 0.59244126659857, "Sad": 0.013050570962479609, "Neutral": 0.027777777777777776}