{"Happy": 0.8669378268448577, "Sad": 0.644904458598726, "Neutral": 0.6633906633906633}