{"Happy": 0.4227405247813411, "Sad": 0.21052631578947367, "Neutral": 0.4090909090909091}