{"Happy": 0.9897610921501706, "Sad": 0.006734006734006734, "Neutral": 0.01437699680511182}